Date,Comm_Positions_Long_All,Comm_Positions_Short_All,NonComm_Positions_Long_All,NonComm_Positions_Short_All,Open_Interest_All,NonRept_Positions_Long_All,NonRept_Positions_Short_All
2006-01-03,51741,239049,180688,29726,325524,58381,22035
2006-01-10,59932,240141,184408,38602,343419,61809,27406
2006-01-17,66156,248147,191650,43171,361704,65404,31892
2006-01-24,63004,238009,188928,46079,356080,64709,32553
2006-01-31,63986,231268,187406,48156,339645,54985,26953
2006-02-07,67909,222347,180971,53622,341727,55271,28182
2006-02-14,71566,220771,167910,48996,338143,54583,24292
2006-02-21,69049,219002,163886,45202,333410,55325,24056
2006-02-28,69177,226038,169963,42593,339859,54473,24982
2006-03-07,71482,221233,167144,46255,338325,53527,24665
2006-03-14,78233,208569,143697,47757,322360,55786,21390
2006-03-21,72080,207882,149946,45682,319618,55025,23487
2006-03-28,66109,215821,163056,42470,334042,61431,32305
2006-04-04,60499,231414,178040,45832,342721,65835,27128
2006-04-11,62155,228104,175000,50668,342632,59508,17891
2006-04-18,58342,230866,177870,47576,353757,62897,20667
2006-04-25,62298,229153,175346,45968,354108,60792,23315
2006-05-02,60931,232651,177709,47421,359539,62728,21296
2006-05-09,61535,232868,175709,41773,351933,60531,23134
2006-05-16,62710,225860,163773,37616,338720,58916,21923
2006-05-23,61059,210062,144247,33149,316143,55841,17936
2006-05-30,78942,218251,133475,31988,314494,52763,14941
2006-06-06,51439,180808,134649,38753,283161,48122,14649
2006-06-13,51699,186100,138766,39479,288981,46632,11518
2006-06-20,58813,181084,131864,41643,288148,44571,12521
2006-06-27,61095,177336,128310,42686,292789,47827,17210
2006-07-03,60102,182269,131186,39266,292500,44854,14607
2006-07-11,64408,196455,142194,40265,312684,44878,14760
2006-07-18,63969,204060,143202,35828,324276,49757,17040
2006-07-25,65461,204950,132268,30713,315635,47839,9905
2006-08-01,59866,198299,132781,30020,304907,49636,13964
2006-08-08,60258,202183,138971,32873,309097,47215,11388
2006-08-15,61402,196531,132019,31475,313327,54613,20028
2006-08-22,64509,192582,128897,32949,306171,46567,14442
2006-08-29,70804,188049,124421,36705,307583,45199,15670
2006-09-05,66731,197996,133991,35657,319998,51855,18924
2006-09-12,76201,186896,121455,37233,310510,44613,18140
2006-09-19,86123,188048,116119,38251,325852,43421,19364
2006-09-26,88639,184004,108117,36873,322937,45719,21598
2006-10-03,88721,180715,107570,38136,330065,47406,24846
2006-10-10,95161,177763,106211,43762,334329,40503,20350
2006-10-17,92428,175566,107993,46734,329875,38990,17111
2006-10-24,93641,174150,104099,48049,331598,40864,16405
2006-10-31,84097,175993,107472,42756,323481,46122,18942
2006-11-07,78904,193360,121406,40240,335036,49509,16219
2006-11-14,87908,211429,126907,38073,356575,51034,16347
2006-11-21,87188,206164,123021,38728,355430,51718,17035
2006-11-28,79380,197104,120078,40212,349517,55708,17850
2006-12-05,70965,191133,122145,38506,330530,53634,17105
2006-12-12,76784,193066,120128,38299,333101,48888,14435
2006-12-19,89467,191199,109682,39789,337096,46897,15058
2006-12-26,89611,192679,110486,42394,340473,47850,12874
2008-01-08,119844,366534,238089,32685,558309,59822,18536
2008-01-15,139606,390720,247106,35059,593953,59933,20866
2008-01-22,119585,362612,241183,36108,560173,67591,29639
2008-01-29,121716,366717,237252,31472,522142,64338,25117
2008-02-05,113952,355533,234852,31110,495139,55523,17684
2008-02-12,103713,347313,240806,34210,475749,54643,17639
2008-02-19,104482,357222,251717,39458,489789,58217,17736
2008-02-26,104099,356374,250270,40907,495102,64898,21986
2008-03-04,100312,340421,240597,44817,486992,65422,21093
2008-03-11,102839,346097,239048,42705,482035,63016,16101
2008-03-18,110087,349215,232427,40418,489055,63958,16839
2008-03-25,104994,311119,214651,38909,452193,59461,29078
2008-04-01,94901,287969,190958,29680,399393,47890,16100
2008-04-08,94076,288648,196823,31430,407212,45654,16475
2008-04-15,96173,301285,202910,30933,422699,48933,15798
2008-04-22,101648,301247,201865,34242,424218,45502,13526
2008-04-29,107519,293001,194844,34196,429670,51072,26238
2008-05-06,114554,297282,192719,36752,433741,47097,20336
2008-05-13,121605,299202,197809,44871,439636,46190,21531
2008-05-20,108853,324034,216324,34205,453084,51815,18753
2008-05-27,92239,310524,220954,29442,430961,51587,24814
2008-06-03,92556,294727,200544,30333,398441,45366,13406
2008-06-10,94287,277368,189175,37927,396392,46473,14640
2008-06-17,96068,279508,180637,29447,390471,46157,13907
2008-06-24,95832,282588,190218,36680,401226,50801,17583
2008-07-01,89674,316701,223539,35860,434024,55757,16409
2008-07-08,97573,326233,225045,35443,443202,57583,18525
2008-07-15,112225,358802,240934,38151,483920,63841,20047
2008-07-22,114261,351322,231170,36517,475606,59178,16770
2008-07-29,110651,330322,212285,29966,446013,49580,12228
2008-08-05,98643,297560,192528,28800,408430,53248,18059
2008-08-12,97743,253556,159313,28653,365611,47069,21916
2008-08-19,118611,248765,144104,31738,372968,44058,26270
2008-08-26,127926,249845,147240,41961,380766,40732,24092
2008-09-02,136887,244918,139251,46060,382329,41036,26196
2008-09-09,150444,244428,133946,51291,392592,40349,29020
2008-09-16,135086,238108,147720,57429,393814,39786,27055
2008-09-23,102529,243805,156812,35796,368254,42457,22197
2008-09-30,92860,233698,141026,23240,336598,43815,20763
2008-10-07,90270,221577,137672,26059,329480,42528,22834
2008-10-14,90552,216295,131093,24268,323496,44314,25396
2008-10-21,98664,207457,125951,26749,319472,37180,27589
2008-10-28,108336,193412,117638,39323,313709,31418,24657
2008-11-04,102401,178807,118166,49971,303908,32149,23938
2008-11-11,98118,167614,116351,52392,293831,30624,25087
2008-11-18,95697,166813,111063,46234,289700,36590,30303
2008-11-25,88357,181592,115014,33142,276567,35499,24136
2008-12-02,83482,177770,111592,27223,264796,33549,23630
2008-12-09,83274,178146,111284,28129,261001,33463,21746
2008-12-16,78482,201593,132674,24425,282915,37077,22215
2008-12-22,79850,212647,141246,21458,291022,32998,19989
2008-12-30,78765,221538,146292,20331,300448,37501,20689
2009-01-06,85948,235430,152569,18965,320391,39915,24037
2009-01-13,90615,232178,146167,18549,318185,38667,24722
2009-01-20,99813,238744,146910,22973,331507,40855,25861
2009-01-27,102080,260456,165652,24538,354191,46583,29321
2009-02-03,95920,273509,181020,25714,346288,45954,23671
2009-02-10,94052,282764,188898,25276,350858,45052,19962
2009-02-17,90051,286411,195966,30045,361619,51491,21052
2009-02-24,97256,288192,199830,37965,372697,53336,24265
2009-03-03,99652,288053,189580,30287,365271,51656,22548
2009-03-10,107448,280299,178160,33372,371321,52275,24212
2009-03-17,118398,294082,175190,24795,376237,47972,22683
2009-03-24,128889,310178,178635,26708,387177,48141,18779
2009-03-31,108489,290415,182986,28127,368618,49359,22292
2009-04-07,100993,254216,165377,37565,344929,48804,23393
2009-04-14,92383,245892,165866,35971,336930,48433,24819
2009-04-21,93836,243444,164328,35961,339226,46309,25068
2009-04-28,92061,245480,166821,37721,343037,50046,25727
2009-05-05,81437,241882,171493,41502,341461,55169,24715
2009-05-12,84161,255341,184509,45632,359517,54019,21716
2009-05-19,85018,268083,185932,36348,367931,54731,21250
2009-05-26,82709,290845,209733,32425,396965,61250,30422
2009-06-02,80715,307236,215968,28628,391057,55823,16642
2009-06-09,78765,303812,215785,26111,387181,54183,18810
2009-06-16,80885,288253,202687,27144,371997,50516,18691
2009-06-23,84584,279014,195654,29360,370347,50811,22675
2009-06-30,88241,286059,194005,29819,379199,54558,20926
2009-07-07,93002,284309,190386,26242,372985,48208,21045
2009-07-14,94110,276397,185704,26900,370509,45973,22490
2009-07-21,90227,294453,201269,27967,390939,52014,21090
2009-07-28,91473,293994,199452,26681,386340,48376,18626
2009-08-04,82256,310449,217009,23495,392834,52096,17417
2009-08-11,79855,302760,211989,21903,385002,51174,18355
2009-08-18,81498,286043,203467,25937,373810,47242,20227
2009-08-25,82177,293519,205472,22490,379629,48588,20228
2009-09-01,82154,298862,206799,22298,384703,51664,19457
2009-09-08,84842,355639,251708,27032,451713,66781,20660
2009-09-15,81382,366043,263329,27682,467892,74649,25635
2009-09-22,80338,367948,265925,29176,467145,73869,23008
2009-09-29,84923,360157,252994,21608,454585,67104,23256
2009-10-06,81578,363442,269879,30211,484307,81814,39618
2009-10-13,86071,381997,288214,34259,504187,75640,33669
2009-10-20,86225,383718,286864,36757,509678,75241,27855
2009-10-27,89306,372785,272946,31169,497479,75846,34144
2009-11-03,91788,375640,279524,38205,493991,56298,13765
2009-11-09,98290,381074,280398,42338,530505,78480,33756
2009-11-17,99935,381481,284390,48693,533119,80435,34586
2009-11-24,100243,406347,294780,32449,521253,75000,31227
2009-12-01,96699,404930,297316,38252,521433,78662,29495
2009-12-08,87110,386296,290956,36527,505652,74095,29338
2009-12-15,87400,391191,288482,32374,504368,75074,27391
2009-12-22,92637,378302,273487,35411,499233,73702,26113
2009-12-29,94841,373783,263631,33141,491712,72568,24116
2010-01-05,98195,376746,263008,35241,507643,78482,27698
2010-01-12,100451,382939,271260,41918,523266,75600,22454
2010-01-19,109197,382844,261276,39807,528924,75558,23380
2010-01-26,111492,360110,246223,34299,507565,73699,37005
2010-02-02,103361,347940,246048,35879,480860,62600,28190
2010-02-09,110759,324186,222775,41256,466905,62539,30631
2010-02-16,105334,325212,224715,35857,466509,67501,36481
2010-02-23,97536,335580,233106,32484,466572,68422,31000
2010-03-02,101700,353237,239765,32393,482786,68469,24304
2010-03-09,112952,364739,240868,32674,493909,67566,23973
2010-03-16,109825,352120,239065,38719,496481,66895,24946
2010-03-23,124504,348327,221472,37600,495143,65416,25465
2010-03-30,135472,343163,209874,36108,466678,53690,19765
2010-04-06,126670,371576,242302,38856,497388,58532,17072
2010-04-13,135469,398953,262599,41857,528856,61319,18577
2010-04-20,139961,397357,251244,40593,521338,65374,18629
2010-04-27,145584,411106,263472,37804,538591,66791,26937
2010-05-04,151675,423261,271511,40964,551616,64320,23281
2010-05-11,168306,450950,282375,46550,583504,74201,27382
2010-05-18,170172,449916,281985,50315,579758,70993,22919
2010-05-25,167088,435467,271184,43493,591360,66316,25628
2010-06-01,172487,440110,266569,42023,553950,63977,20900
2010-06-08,175948,449525,270729,43331,564792,67873,21694
2010-06-15,178313,457257,273657,43406,569204,66396,17703
2010-06-22,186762,475678,283920,45286,602411,73840,23558
2010-06-29,192020,481976,279992,35267,601138,66979,21748
2010-07-06,203285,452427,251273,42231,577732,64139,24039
2010-07-13,198305,446653,243867,38946,568078,64458,21031
2010-07-20,208787,424451,227963,49656,559473,59246,21889
2010-07-27,193521,421076,228251,39350,560066,64255,25601
2010-08-03,179968,401997,222704,37189,518643,56429,19915
2010-08-10,174249,405229,224485,33798,523078,59469,19176
2010-08-17,172331,421901,240954,36726,543674,63595,18253
2010-08-24,172529,436829,256244,35053,556464,62415,19306
2010-08-31,171275,455836,272509,34432,577352,66450,19966
2010-09-07,171591,459271,275367,35670,585564,70220,22237
2010-09-14,171449,464388,286237,41976,594058,70252,21574
2010-09-21,173670,465978,286568,42555,597592,70663,22368
2010-09-28,182276,485016,297272,39623,619408,73213,28122
2010-10-05,179071,478569,300571,40951,617204,67580,27702
2010-10-12,177524,477546,304564,48690,616382,67248,23100
2010-10-19,177820,470902,299275,49523,630626,68794,25464
2010-10-26,174257,456692,283153,44067,607582,70280,26931
2010-11-02,184286,460898,282707,52479,618381,68861,22477
2010-11-09,181532,472485,298005,51826,650764,71227,26453
2010-11-16,189737,454645,267157,48678,637435,74949,28520
2010-11-23,191319,455212,261969,40640,622712,78344,35780
2010-11-30,183793,454262,265824,38217,600158,69888,27026
2010-12-07,181151,459824,269504,36753,603632,73838,27916
2010-12-14,184736,452871,259917,39722,594652,72429,24489
2010-12-21,194090,445898,251722,45298,582133,68796,23412
2010-12-28,190440,450210,258145,42357,594490,72712,28730
2011-01-04,193319,447901,250305,47987,592613,79992,27728
2011-01-11,201336,426400,234333,56961,588179,69993,22301
2011-01-18,201589,408060,237404,72411,587832,67532,26054
2011-01-25,181815,379298,232725,72136,506047,65960,29066
2011-02-01,159816,353013,212265,61071,462907,65579,23576
2011-02-08,154774,364685,226799,59706,469779,66290,23472
2011-02-15,153168,371794,230943,58099,473345,67706,21924
2011-02-22,157951,389757,246967,66543,502119,73441,22059
2011-03-01,155830,406426,257754,60501,515784,74208,20865
2011-03-08,152903,400367,253434,62494,515214,76671,20147
2011-03-15,168330,388484,240661,66090,507760,67298,21715
2011-03-22,162616,387415,231512,56675,509131,71403,21441
2011-03-29,158429,399198,242343,49222,492087,68509,20861
2011-04-05,157327,415992,259792,55086,508956,75706,21747
2011-04-12,157498,411186,261335,59590,514871,71591,19648
2011-04-19,157793,424341,274208,59282,537946,75505,23883
2011-04-26,167035,416029,260607,59341,530132,74128,26400
2011-05-03,161934,402036,259440,66784,522323,73312,25866
2011-05-10,178418,399999,240975,64636,510151,69014,23772
2011-05-17,189113,396062,227421,62818,509164,64827,22481
2011-05-24,185259,402496,240461,68067,531180,67295,22452
2011-05-31,170783,411291,247185,55411,501400,67515,18781
2011-06-07,168869,416553,251837,53129,502251,67336,18360
2011-06-14,171824,409253,247713,56018,497780,63973,18239
2011-06-21,167811,419058,262254,59027,515016,68020,20000
2011-06-28,177824,386579,225982,60080,495761,67244,24391
2011-07-05,177118,379120,219889,62114,489782,65082,20855
2011-07-12,167806,412055,262515,64918,520202,69869,23217
2011-07-19,162395,426209,277492,58195,542342,67724,23207
2011-07-26,158260,441233,278473,42856,536454,75457,28101
2011-08-02,155014,442648,291974,44799,529403,66701,26242
2011-08-09,163472,412678,259388,55815,510223,72938,27305
2011-08-16,160562,409409,263954,63868,514107,70510,21749
2011-08-23,175150,405586,258641,70960,528520,69953,27198
2011-08-30,176476,393831,237230,60283,509326,66111,25703
2011-09-06,174101,401815,248457,64086,523294,69631,26288
2011-09-13,183452,393920,235395,66548,512068,64576,22955
2011-09-20,187257,384885,212809,62280,499356,69140,22041
2011-09-27,192457,359140,181723,53922,465414,63231,24349
2011-10-04,180289,345040,180635,47479,436920,53877,22282
2011-10-11,179749,348227,179125,44623,438090,56839,22863
2011-10-18,182341,341494,175224,48246,437739,56916,24741
2011-10-25,175677,343791,182146,52425,443723,62382,23989
2011-11-01,170316,352716,183149,43204,442435,63538,21083
2011-11-08,170248,367183,200186,44479,464982,75990,34762
2011-11-15,170594,374757,205417,46203,470490,68197,23248
2011-11-22,170098,362511,194066,33096,457070,67684,36241
2011-11-29,151929,345474,186031,31238,423176,62263,23511
2011-12-06,142443,343943,192752,33041,422956,64003,22214
2011-12-13,152357,338574,184468,33965,427699,61248,25534
2011-12-20,159783,324337,172973,39037,423465,56607,25989
2011-12-27,162522,326454,167413,36625,418945,57327,24183
2012-01-03,164117,325960,169339,38368,423275,56462,25590
2012-01-10,160949,327523,166262,33502,417923,57358,23544
2012-01-17,172691,345667,167373,31344,432838,58713,21766
2012-01-24,164048,343816,173479,31256,427032,59987,22442
2012-01-31,147555,357417,197478,26119,425133,57493,18990
2012-02-07,143085,364157,207620,30113,436061,61815,18250
2012-02-14,146818,356226,200332,32912,431164,59296,17308
2012-02-21,146004,375306,214343,33382,456676,66423,18082
2012-02-28,145061,390412,231050,37830,479044,70372,18241
2012-03-06,152969,353177,198112,34847,443249,58409,21466
2012-03-13,151435,343123,190477,39571,442319,61950,21168
2012-03-20,166859,332997,175009,43546,431039,57452,22777
2012-03-27,152335,337411,182369,34548,417304,59941,22686
2012-04-03,155751,333215,175592,33827,407761,56017,20318
2012-04-10,148103,319152,170996,34343,403989,57323,22927
2012-04-17,145730,321821,168700,26695,398526,55336,21250
2012-04-24,148994,316231,165003,30009,395389,54653,22410
2012-05-01,153584,331587,169568,29175,411972,57789,20179
2012-05-08,161037,312492,166130,42827,417798,54091,25939
2012-05-15,170616,309533,164051,49909,422091,51995,27220
2012-05-22,172750,308348,169551,54400,435706,52551,32104
2012-05-29,170208,300917,167439,56727,419991,49856,29859
2012-06-05,154597,310719,183962,55098,423941,55238,27980
2012-06-12,147076,305866,181259,48944,412244,53770,27295
2012-06-19,150812,314503,184393,47989,418492,53380,26093
2012-06-26,155729,299889,174589,51970,413618,52848,31307
2012-07-03,154926,321563,187263,50048,425068,54162,24740
2012-07-10,163399,316165,182156,55921,429854,54067,27536
2012-07-17,162570,321389,180474,51515,431317,55780,25920
2012-07-24,166448,302693,166085,53108,420296,53970,30702
2012-07-31,155355,311367,171331,45267,403403,54420,24472
2012-08-07,149011,295429,163082,47582,388254,55131,24213
2012-08-14,147418,291358,161435,47131,388187,54016,24380
2012-08-21,137903,309125,170780,40096,398747,63811,23273
2012-08-28,139050,342674,194680,36189,426559,68312,23179
2012-09-04,139746,359132,204945,34481,444489,71585,22663
2012-09-11,143148,380239,214403,32387,460531,74913,19838
2012-09-18,148802,398435,224988,33873,478609,76888,18370
2012-09-25,144506,406861,233994,30098,489516,78375,19916
2012-10-02,136250,405520,239434,31108,480908,78497,17553
2012-10-09,131714,398702,247401,35452,484359,73057,18018
2012-10-16,129500,376883,232988,38968,462826,72242,18879
2012-10-23,132859,365524,222095,40052,455836,69881,19259
2012-10-30,144346,367110,207532,37310,454742,73513,20971
2012-11-06,144788,352530,196504,36331,447154,69617,22048
2012-11-13,144488,369283,207847,36253,459761,74102,20901
2012-11-20,145098,381162,217433,36618,474129,72677,17428
2012-11-27,141117,399829,228431,28024,479373,79775,21470
2012-12-04,135887,353483,202177,36441,434416,73578,21718
2012-12-11,135772,350652,201955,38256,433586,71639,20458
2012-12-18,137780,339914,202641,44860,435742,68859,24506
2012-12-24,139479,327143,200436,50340,426300,62201,24633
2012-12-31,143210,331869,198660,50141,427991,64468,24328
2013-01-08,152103,330575,193869,51061,441304,60773,25109
2013-01-15,156010,341123,192955,47839,447773,64262,24265
2013-01-22,153048,348998,195795,43898,461369,66350,22297
2013-01-29,159776,326873,181103,54155,430718,63804,23655
2013-02-05,145291,319898,192806,55341,423982,61074,23932
2013-02-12,154573,315226,193941,67106,435088,62053,28235
2013-02-19,158900,290982,195870,92219,447290,61638,33207
2013-02-26,151145,288765,201956,85357,433858,55490,34469
2013-03-05,150453,284251,195248,87661,434586,57882,31671
2013-03-12,149550,291671,201617,87110,445651,58502,30888
2013-03-19,136677,299041,208895,73285,440712,58018,31264
2013-03-26,139588,298061,200389,67943,419727,55319,29292
2013-04-02,137205,279727,202634,82428,417176,52253,29937
2013-04-09,135855,279657,203812,84453,416513,52973,28530
2013-04-16,144522,286451,204677,75795,413083,45817,32770
2013-04-23,156131,260519,197188,92933,415074,39868,39735
2013-04-30,170211,265774,193310,96258,421087,37451,38940
2013-05-07,186671,274390,189343,99920,437931,38066,39770
2013-05-14,190502,274648,186921,103195,443806,40670,40250
2013-05-21,192147,276269,189401,109142,446087,42125,38262
2013-05-28,171995,231216,172565,115686,411001,44683,42341
2013-06-04,147497,209149,170971,109771,373061,35930,35478
2013-06-11,146470,204792,174015,115010,373844,35793,36476
2013-06-18,155303,199418,166771,123079,377106,37225,36802
2013-06-25,164958,200166,164901,130749,390647,38930,37874
2013-07-02,186385,209161,158712,137961,410399,38169,36144
2013-07-09,202617,221658,160214,143657,431574,37702,35218
2013-07-16,222746,247353,156571,133109,440283,37895,36750
2013-07-23,210233,244929,161197,127006,434750,38029,37524
2013-07-30,188832,214606,154519,126153,397035,33843,36435
2013-08-06,187636,241795,153812,102177,396062,36134,33610
2013-08-13,184321,245195,148524,94598,390547,38520,31572
2013-08-20,176610,244275,151348,90952,385410,37448,30179
2013-08-27,175698,263336,150074,71785,384102,40300,30951
2013-09-03,177861,270322,151951,73760,388584,43096,28826
2013-09-10,184972,265196,141506,72782,384164,38503,27003
2013-09-17,188729,254066,138956,80160,384592,38578,32037
2013-09-24,183688,255215,140468,73329,378216,35599,31211
2013-10-01,179659,257787,141541,68494,374151,36060,30979
2013-10-08,176330,266746,140207,57890,370406,36677,28578
2013-10-15,188890,253714,139663,77730,381727,36017,33126
2013-10-22,183393,265541,147835,71170,390369,36523,31040
2013-10-29,174866,281653,153409,53173,387166,36956,30405
2013-11-05,178714,272614,149031,57895,386796,35399,32635
2013-11-12,190317,256102,144062,82710,403840,40195,35762
2013-11-19,190106,241621,140853,92733,397590,37798,34403
2013-11-26,196011,224247,133414,106859,394432,37961,36280
2013-12-03,190092,212391,134546,111855,386436,37707,38099
2013-12-10,183319,212281,133866,107486,377313,37501,34919
2013-12-17,191045,218144,133068,107164,385432,37156,35961
2013-12-24,188511,215029,135390,108051,384974,36847,37668
2013-12-31,182101,215122,137182,104959,379550,37617,36819
2014-01-07,179334,221218,139244,100357,383021,38246,35249
2014-01-14,199650,244905,145857,101844,415426,37217,35975
2014-01-21,200101,246192,146018,99435,410959,36635,37127
2014-01-28,176630,241609,150158,83817,382739,33449,34811
2014-02-04,165354,231136,147754,82815,368279,31747,30904
2014-02-11,162156,234810,156786,85585,376973,35367,33914
2014-02-18,159449,251200,164478,79847,390535,38978,31858
2014-02-25,155969,272632,169870,60406,387503,39785,32586
2014-03-04,157838,278987,171404,56238,393266,37171,31188
2014-03-11,163920,289287,170482,51592,415340,40337,33860
2014-03-18,164293,310227,183324,46510,420626,40310,31190
2014-03-25,159979,287600,169083,51766,398264,38841,28537
2014-04-01,143575,257604,158152,58007,363451,40228,26344
2014-04-08,151954,253697,149693,61094,365400,39572,26428
2014-04-15,157917,245522,147432,68140,369577,38330,30017
2014-04-22,162799,253325,146880,65047,372593,38862,30169
2014-04-29,162815,259986,147769,62542,378092,39273,27329
2014-05-06,167794,278265,160982,63026,404700,39976,27461
2014-05-13,164941,267262,157176,65542,397029,41045,30358
2014-05-20,164289,270299,157398,60907,399371,39492,29973
2014-05-27,162078,240716,155615,82224,397695,44390,39143
2014-06-03,159545,222989,157332,98181,382141,36858,32565
2014-06-10,156553,219703,159567,98440,378689,36421,34398
2014-06-17,157023,235348,162052,83757,379843,34637,34607
2014-06-24,142864,274471,183433,62574,392388,41132,30384
2014-07-01,135444,295899,201287,55262,401813,43091,28661
2014-07-08,135998,302001,203464,53443,410992,44290,28308
2014-07-15,138542,295448,199950,57492,408368,41314,26866
2014-07-22,134809,295000,197835,51689,405617,41487,27442
2014-07-29,126297,275229,188980,49827,374467,37571,27792
2014-08-05,123492,255134,176386,54923,360342,37580,27401
2014-08-12,113862,274549,191325,43644,368114,41209,28203
2014-08-19,122377,270039,183846,45870,366401,39778,30092
2014-08-26,127433,250981,172022,58853,363608,40688,30309
2014-09-02,134701,238408,172522,75643,371515,39661,32833
2014-09-09,141921,239876,177555,82414,384341,38579,35765
2014-09-16,145480,221723,170749,98562,386080,40531,36475
2014-09-23,148615,212934,170382,106498,385788,36253,35818
2014-09-30,145396,206125,171075,106205,379874,35600,39741
2014-10-07,143466,206873,174075,107628,380087,35539,38579
2014-10-14,140637,219460,193580,108165,397855,33603,40195
2014-10-21,139429,244327,207129,99145,411057,33731,36817
2014-10-28,146345,245209,195885,95146,414410,32399,34274
2014-11-04,161667,216974,176899,113674,417377,34216,42134
2014-11-11,184326,234350,177268,121225,443422,35237,41256
2014-11-18,193668,264665,187955,106533,459657,33308,43733
2014-11-25,156334,224819,167394,91187,388145,32856,40578
2014-12-02,135777,225185,170635,81305,368121,34138,34060
2014-12-09,125091,241692,186861,71999,375323,38049,36310
2014-12-16,132868,247959,182147,63739,371743,32932,36249
2014-12-23,134796,240021,180980,70070,375212,31228,36913
2014-12-30,125818,238952,182897,67060,373982,34608,37311
2015-01-06,130427,253099,187705,65527,394021,34990,34496
2015-01-13,129436,267112,192959,62733,402108,38984,31534
2015-01-20,120946,298756,223257,60802,430128,43445,28090
2015-01-27,117326,323486,238407,49482,438279,43731,26496
2015-02-03,117174,320447,229006,43991,419524,44670,26412
2015-02-10,120702,291293,199036,43762,393232,42098,26781
2015-02-17,125433,269068,188121,56387,389530,41111,29210
2015-02-24,133432,269126,184416,58245,399307,39742,30219
2015-03-03,140080,263467,180561,64741,405124,40325,32758
2015-03-10,154578,243920,171821,89929,410918,41262,33812
2015-03-17,180464,236954,162268,109175,429738,40446,37049
2015-03-24,178058,230983,168234,113953,433767,35285,36641
2015-03-31,144197,225312,172818,92799,387585,32998,31902
2015-04-07,133199,241488,183130,82373,390571,35083,27551
2015-04-14,130960,234553,184741,86344,395089,34431,29235
2015-04-21,126107,231113,184567,83322,397379,35742,31981
2015-04-28,125733,232605,189929,88672,403575,35523,29908
2015-05-05,138096,212258,173105,100665,399988,32713,30991
2015-05-12,144829,222331,179257,101817,405612,32075,32013
2015-05-19,140751,273085,202190,79569,428597,38971,29258
2015-05-26,144540,254260,191951,87257,411961,37061,32035
2015-06-02,138423,246573,194299,89889,398724,33204,29464
2015-06-09,150277,228866,186813,111723,406069,35237,31738
2015-06-16,153712,230349,191053,115330,415718,33911,32997
2015-06-23,150444,251332,202944,107830,430978,36323,30549
2015-06-30,163797,238566,194476,127321,442301,37859,30245
2015-07-07,172552,225141,193776,143328,452145,37811,35670
2015-07-14,183945,232414,191014,143190,462664,36195,35550
2015-07-21,189676,211260,187720,159441,459760,35421,42116
2015-07-28,176720,191986,182977,158512,438282,34220,43419
2015-08-04,170826,185646,184792,154892,434273,32365,47445
2015-08-11,166020,190478,187778,155336,435489,35329,43313
2015-08-18,166062,196010,185712,144053,432728,32238,43949
2015-08-25,156659,219295,189893,119160,432154,32586,40683
2015-09-01,146865,215953,182753,110068,410274,33066,36663
2015-09-08,155620,211599,183615,124322,421732,33614,36928
2015-09-15,154988,187967,174225,134678,413333,32607,39175
2015-09-22,149092,206320,182080,120955,419304,31981,35878
2015-09-29,149535,222678,182792,106147,415700,32860,36362
2015-10-06,148424,236893,191000,104181,430228,33509,31859
2015-10-13,144242,262736,203299,86140,435928,35345,34010
2015-10-20,134966,298266,233227,81926,467792,42473,30474
2015-10-27,138770,304618,225985,68551,466780,39519,31105
2015-11-03,146369,271357,194784,78442,443900,39350,30704
2015-11-10,155946,227840,174561,106172,436426,40259,36754
2015-11-17,170494,198967,173395,138996,435376,39079,45005
2015-11-24,155709,167692,159440,143138,397705,39357,43676
2015-12-01,155554,158465,158792,149042,390940,35707,42546
2015-12-08,149617,163614,162764,143141,394128,35722,41348
2015-12-15,151012,159278,155934,142278,390944,35284,40674
2015-12-22,151272,173523,154276,127849,405294,35445,39621
2015-12-29,147179,162514,150229,131127,401880,36511,40278
2016-01-05,147674,166949,153532,126972,413688,33921,41206
2016-01-12,142221,185806,158655,113937,397565,37852,38985
2016-01-19,140723,180866,158320,114626,408835,33749,37300
2016-01-26,115343,175176,170471,111431,385350,38543,37750
2016-02-02,116469,193824,176968,104146,379185,39579,35046
2016-02-09,121357,226280,201754,103326,410833,41975,35480
2016-02-16,127800,259784,209101,91741,428912,45771,31147
2016-02-23,120854,284003,227381,82403,445290,49448,31277
2016-03-01,115571,287002,223186,70773,450555,51148,32130
2016-03-08,116493,311865,252895,78085,499110,53520,32958
2016-03-15,118610,304141,247659,78147,493086,49810,33791
2016-03-22,127081,327075,258646,79815,510579,51562,30399
2016-03-29,123227,331191,262082,72276,480461,49423,31265
2016-04-05,118103,325348,263781,73381,474094,47560,30715
2016-04-12,122181,353968,286341,72534,504523,49032,31052
2016-04-19,117743,357864,291143,74306,503331,50205,26921
2016-04-26,116445,356553,288173,67316,497884,47030,27779
2016-05-03,116644,411545,338476,66828,565774,51223,27970
2016-05-10,123211,408207,337251,72353,579777,51710,31612
2016-05-17,122477,412720,340748,74460,595077,52715,28760
2016-05-24,146205,371418,291266,84634,542958,52714,34133
2016-05-31,133624,347662,274589,77454,494321,47347,30444
2016-06-07,112940,356632,295688,67069,496330,46570,31497
2016-06-14,113281,411358,347557,67695,545357,45594,27379
2016-06-21,119782,431919,358825,66096,571517,47511,28103
2016-06-28,127169,453490,373128,71208,613792,49131,24730
2016-07-05,123735,463942,389590,73627,652971,50789,26545
2016-07-12,123258,448710,378081,80618,633020,52553,24564
2016-07-19,119433,434910,366871,80960,617069,55614,26048
2016-07-26,117420,426443,347426,68471,576325,55829,25761
2016-08-02,113911,437938,365801,71618,582211,54451,24607
2016-08-09,116251,429192,356471,70024,575399,52657,26163
2016-08-16,116128,427121,351535,67684,572496,52525,25383
2016-08-23,108571,426046,359785,65176,572973,51796,28930
2016-08-30,109854,411067,340586,64245,558398,53666,28794
2016-09-06,110470,440443,370375,62515,590656,53939,31826
2016-09-13,116841,428212,351776,66363,575002,53893,27935
2016-09-20,120314,410929,326326,70147,558791,61156,26720
2016-09-27,123156,437750,358972,67068,583161,53108,30418
2016-10-04,111864,383106,324136,78628,544824,54958,29224
2016-10-11,112362,333561,283386,88167,500328,53697,27717
2016-10-18,115441,318112,274345,94727,497061,51020,27967
2016-10-25,114700,332299,285376,88396,507617,49625,29006
2016-11-01,115398,354649,288308,73177,521506,51847,27727
2016-11-08,114915,360501,289860,72622,528203,51015,22667
2016-11-15,115191,315157,245750,68090,479237,49240,26934
2016-11-22,97975,290147,241646,74561,461062,52695,27608
2016-11-29,92628,260451,229731,78161,405661,45567,29314
2016-12-06,86237,241181,227675,91295,393524,45639,27075
2016-12-13,86143,236029,229755,100444,397034,46092,25517
2016-12-20,87960,221982,219067,104233,398661,47292,28104
2016-12-27,89975,210942,206538,108195,401513,49164,26540
2017-01-03,97410,215022,208855,112305,424673,47387,26325
2017-01-10,96763,222579,214000,104518,444001,44077,27743
2017-01-17,101399,224510,218144,111103,467937,43995,27925
2017-01-24,109000,235374,209854,100447,482374,43722,26755
2017-01-31,101784,233587,212414,93259,398433,39227,26579
2017-02-07,106024,240170,216408,99259,415543,41364,24367
2017-02-14,105674,233462,212259,102507,415128,39763,21727
2017-02-21,103861,243425,219673,95910,427168,40344,24543
2017-02-28,100180,280087,247494,83696,446081,43997,27888
2017-03-07,99484,252132,229969,96284,434401,43791,24828
2017-03-14,102535,225822,210315,104277,426170,44232,26983
2017-03-21,101282,230279,219719,103467,446880,43297,30552
2017-03-28,104760,256874,227839,90019,449418,42014,27720
2017-04-04,96115,267131,239061,83625,427808,43589,28009
2017-04-11,98119,285483,253004,80338,456131,47518,32820
2017-04-18,97769,308833,279311,83543,472263,46822,31526
2017-04-25,100335,314915,287468,86791,475985,44669,30766
2017-05-02,99054,303040,276032,86398,461905,44782,30430
2017-05-09,104960,269382,236115,86109,433033,45099,30683
2017-05-16,113719,256578,221532,94808,435021,45111,28976
2017-05-23,112114,286405,241752,81985,462572,45278,30754
2017-05-30,103751,286970,250542,83452,434246,44404,28275
2017-06-06,108298,324652,312240,107775,494041,44028,32139
2017-06-13,105193,308804,297178,106904,471134,40186,26849
2017-06-20,110287,275303,252620,101945,445841,43201,28860
2017-06-27,117497,267360,236586,104914,453144,47403,29212
2017-07-03,131190,238416,221681,127882,457201,47362,33935
2017-07-11,147818,221734,217637,157377,475669,45455,31799
2017-07-18,153064,226699,217232,157094,484204,44194,30697
2017-07-25,148926,252269,220299,129468,463827,43387,30875
2017-08-01,126891,270276,239766,110094,448709,42055,28342
2017-08-08,125168,284679,246377,97540,448727,40774,30100
2017-08-15,122138,318769,277730,89996,477921,40360,31463
2017-08-22,125036,344954,295711,87273,500443,42070,30590
2017-08-29,119030,367059,318883,87836,538875,46981,29999
2017-09-05,125145,386952,336073,90775,566817,50741,34232
2017-09-12,123298,395396,351492,96732,580606,48644,31306
2017-09-19,129222,382263,330646,94557,570096,46252,29300
2017-09-26,134501,367972,303255,90661,549637,48586,27709
2017-10-03,126749,351172,287296,83441,525127,46571,26003
2017-10-10,124178,347175,279227,79115,520005,48086,25201
2017-10-17,126678,348302,284617,83893,528800,47228,26328
2017-10-24,125468,336121,275521,84136,526674,45115,25847
2017-10-31,128371,339019,268710,75615,531918,45483,27930
2017-11-07,123149,338436,272571,76781,536843,46485,26988
2017-11-14,122703,338494,271496,76412,533054,47250,26543
2017-11-21,124856,349912,272934,71107,531612,49727,26498
2017-11-28,116831,363372,287384,62967,503810,47240,25116
2017-12-05,132509,322399,251234,77905,472795,44147,27586
2017-12-12,155730,275193,201912,94844,446618,43569,31174
2017-12-19,156226,284443,197473,83678,453595,43486,29064
2017-12-26,155469,304938,202590,66642,456470,40768,27247
2018-01-02,155104,332704,241428,78160,500731,44151,29819
2018-01-09,150099,370370,289161,85873,555455,46925,29942
2018-01-16,158202,390709,301863,90152,582333,49098,28302
2018-01-23,161458,396010,305812,91128,582421,50628,30760
2018-01-30,154690,379766,298327,91065,559332,48667,30853
2018-02-06,158650,364101,273828,82951,535321,42286,27712
2018-02-13,150847,345383,251860,76254,511745,44796,25866
2018-02-20,154913,369791,257205,66283,528154,48400,24444
2018-02-27,161527,361323,251981,73263,532860,47335,26257
2018-03-06,153421,358324,245587,61764,508100,46281,25201
2018-03-13,161604,350414,234431,66483,526762,48014,27152
2018-03-20,173307,340577,223882,75151,545499,46306,27767
2018-03-27,157443,383803,259032,55678,529690,49819,26813
2018-04-03,162608,351473,234677,68088,493141,43845,21569
2018-04-10,166796,342448,234457,79085,499588,45574,25294
2018-04-17,173535,358797,237288,74219,510229,46906,24713
2018-04-24,175715,337515,225804,89158,506410,50537,25383
2018-05-01,179735,311607,209577,102798,507756,52288,27195
2018-05-08,181586,316570,198548,91108,491398,53651,26107
2018-05-15,195925,314014,201468,109025,519958,57246,31600
2018-05-22,203101,318676,189677,98720,502942,54558,29940
2018-05-29,171361,308050,193652,78522,469382,51427,29868
2018-06-05,164024,298371,185321,73905,450641,50584,27653
2018-06-12,159416,300003,192752,72512,448695,48159,27812
2018-06-19,161475,275599,202915,106403,468345,47073,29461
2018-06-26,171601,266564,195118,118446,468573,50420,32129
2018-07-03,172917,266067,210483,132156,494164,51099,36276
2018-07-10,165561,265955,214310,132876,503593,53355,34395
2018-07-17,181266,254901,218427,160586,528278,51491,35697
2018-07-24,162640,228308,220620,172023,496620,54742,37671
2018-07-31,145254,193172,209255,173918,452655,50018,37437
2018-08-07,154203,179812,208292,195604,459474,48402,35481
2018-08-14,164195,171545,211779,215467,476739,46373,35335
2018-08-21,166529,168214,213500,222210,483730,44895,34500
2018-08-28,165581,173843,207370,210433,479283,45508,34183
2018-09-04,168732,162207,199762,213259,473118,49169,42197
2018-09-11,169192,169179,198367,205957,469450,47866,40289
2018-09-18,171293,169602,197797,208641,469436,43868,34715
2018-09-25,167904,160824,192940,210588,460279,47538,36970
2018-10-02,169371,160496,192490,214312,459776,49286,36339
2018-10-09,174309,148443,179746,217921,465253,47441,35132
2018-10-16,166143,198139,189200,171533,474418,47797,33468
2018-10-23,163414,209934,192578,163190,477832,47890,30758
2018-10-30,165857,197062,168754,155560,474941,48870,30859
2018-11-06,173897,212033,169141,150115,494911,48615,29505
2018-11-13,201354,203177,168416,177663,539520,46932,35862
2018-11-20,201259,224399,165506,156610,525940,43791,29547
2018-11-27,172358,188458,156779,154908,442801,48120,33891
2018-12-04,135067,193316,173019,124018,399919,39504,30256
2018-12-11,134285,211653,169600,109101,402250,45264,28395
2018-12-18,132148,224823,182168,106208,412485,44758,28043
2018-12-24,130090,258309,208622,97637,442727,43866,26632
2018-12-31,130285,274899,210141,86369,451360,46707,25865
2019-01-08,137605,258792,199560,100344,455232,48508,26537
2019-01-15,179059,287172,201796,113883,501605,49334,29134
2019-01-22,197278,289355,186510,112006,513509,48740,31167
2019-01-29,163922,282531,212318,112725,483390,49142,30126
2019-02-05,157588,288830,218200,109105,479736,50355,28208
2019-02-12,159676,285787,214170,109296,476083,48849,27612
2019-02-19,146161,312638,254086,108439,504639,50871,30041
2019-02-26,146042,305887,236835,101139,501268,52989,28840
2019-03-05,155732,269729,202628,114610,471311,53221,27242
2019-03-12,192029,300503,205250,126431,530030,57540,27885
2019-03-19,186704,302363,204325,115929,514163,54443,27180
2019-03-26,161201,312635,214897,94959,509575,64270,32774
2019-04-02,139514,257744,193784,99228,440170,50046,26372
2019-04-09,132478,265287,199507,94143,447539,54449,27004
2019-04-16,145702,224132,183213,126940,440581,53222,31065
2019-04-23,154403,211799,176691,139296,440048,49655,29654
2019-04-30,147288,235600,177275,111056,430011,49143,27050
2019-05-07,142078,238437,185801,110390,450039,49100,28152
2019-05-14,159444,296627,226361,101825,517995,53431,40784
2019-05-21,167827,275765,203628,114823,508643,53655,34522
2019-05-28,191290,301244,194463,107775,505126,57167,33901
2019-06-04,132517,305093,240477,84362,481495,51603,35142
2019-06-11,137719,339746,250114,65876,496663,48995,31206
2019-06-18,141993,365848,274633,70310,525636,52355,32823
2019-06-25,160228,420378,298108,61554,577605,59428,35832
2019-07-02,160282,447104,312702,53756,605949,61332,33456
2019-07-09,163955,442371,306105,61342,598977,66388,32735
2019-07-16,175785,453193,309535,64034,601900,68146,36239
2019-07-23,175785,463624,311881,60631,616859,72995,36406
2019-07-30,141164,429131,312214,57826,563298,64221,30642
2019-08-06,137010,461335,350558,58013,600317,62844,31064
2019-08-13,136823,460550,346223,56133,593962,63458,29821
2019-08-20,133408,469658,352294,52301,594807,63855,27598
2019-08-27,148866,482672,362609,65771,636183,70411,33443
2019-09-03,147717,485458,365385,64838,634358,65648,28454
2019-09-10,156061,461672,334114,64389,614753,63541,27655
2019-09-17,163008,481407,341511,58912,630990,61089,25289
2019-09-24,163585,508730,370393,57949,658944,63477,30776
2019-10-01,163050,466738,322800,53807,604885,60536,25841
2019-10-08,167755,478697,334383,58820,616957,61518,26139
2019-10-15,167700,455975,319370,66343,607387,63063,27815
2019-10-22,171329,466686,322917,63785,625528,64093,27868
2019-10-29,176997,478213,335423,58908,643442,65617,40916
2019-11-05,181688,498826,344591,64763,690181,65378,28068
2019-11-12,210067,511535,323189,56123,708463,67721,33319
2019-11-19,206626,525721,337296,51437,719211,65553,32317
2019-11-26,191548,497015,325286,53652,669268,58912,25079
2019-12-03,203920,526707,346525,55820,701016,56680,24598
2019-12-10,203374,505657,329169,58249,690003,56051,24688
2019-12-17,202432,521051,344493,58218,716987,55897,23553
2019-12-24,203204,543600,364310,58658,748737,59201,24457
2019-12-31,202925,569416,381620,53695,786166,61010,22444
2020-01-07,202452,558533,383480,61189,785857,60562,26772
2020-01-14,221358,571177,376809,57574,796883,61597,31013
2020-01-21,212445,564348,374793,57098,793829,65117,30909
2020-01-28,192300,553114,376401,46309,715539,60782,30060
2020-02-04,176786,508473,355909,56103,654572,60665,28784
2020-02-11,181629,519420,356535,48561,658024,60597,30780
2020-02-18,175519,561131,408349,54700,715317,64843,32880
2020-02-25,176619,552240,389339,53474,732917,76231,36475
2020-03-03,178134,529145,366173,46440,691985,62319,31041
2020-03-10,182948,511252,336290,36759,633470,60168,31395
2020-03-17,154761,456470,317405,35489,573925,51321,31528
2020-03-24,135711,447534,317928,29562,547334,49816,26359
2020-03-31,128083,412042,287529,28680,495652,47696,22586
2020-04-07,118885,394496,279880,30938,480050,51464,24795
2020-04-14,116839,397247,286617,34116,489965,53171,25264
2020-04-21,116808,396881,282263,32692,493158,53158,22656
2020-04-28,114902,408531,287382,24653,500816,54084,23184
2020-05-05,120045,401681,275571,25567,490343,54717,23085
2020-05-12,126023,404556,277771,34943,496739,57787,22082
2020-05-19,133715,423889,295394,43606,528205,59851,21465
2020-05-26,131977,406299,288148,50234,519374,59298,22890
2020-06-02,108654,365277,272196,53162,475745,57888,20299
2020-06-09,110115,353572,263972,55359,475661,54930,20086
2020-06-16,110922,368942,277395,53047,489563,55159,21487
2020-06-23,114410,401702,308459,56502,532101,61677,26342
2020-06-30,116697,418160,328942,62272,561628,62121,27328
2020-07-07,118424,421016,337030,69672,572776,63292,28058
2020-07-14,125909,427927,330205,67777,580175,64465,24875
2020-07-21,129690,433549,334237,67801,603138,67224,29801
2020-07-28,139803,418180,312588,75787,598629,65401,23825
2020-08-04,119109,395454,321847,83101,561837,67427,29828
2020-08-11,123125,391456,306867,82814,553345,68072,23794
2020-08-18,123511,391282,302369,78851,544010,66953,22700
2020-08-25,128266,394711,301559,80521,549282,66385,20978
2020-09-01,121254,398660,306118,75322,547704,69351,22741
2020-09-08,122050,403090,313173,76700,557457,67285,22718
2020-09-15,126290,411476,324512,83535,578925,68537,24328
2020-09-22,137900,404308,309015,89955,575877,69670,22322
2020-09-29,133657,419835,316106,72447,562396,64556,22037
2020-10-06,124401,412869,320922,72335,555555,66522,26641
2020-10-13,116429,401084,326986,86315,553197,67772,23788
2020-10-20,116918,411042,340206,90602,562993,65994,21474
2020-10-27,114210,410672,326063,77429,560900,70778,22950
2020-11-03,108679,398017,321798,78889,544774,66826,20397
2020-11-10,111142,394565,318516,78780,547449,64247,20560
2020-11-17,106681,401253,329698,78428,557533,64301,20999
2020-11-24,108625,393454,320324,76422,555253,65390,24463
2020-12-01,110108,403371,324344,64030,538042,55439,22490
2020-12-08,104016,404739,338271,69051,549520,55752,24249
2020-12-15,101736,408078,340610,69026,550366,57079,22321
2020-12-21,99303,414402,349870,71674,560769,58780,21877
2020-12-29,101283,408537,341812,72940,556414,58726,20344
2021-01-05,97405,418328,349946,70628,568888,61730,20125
2021-01-12,105980,396281,313217,66990,555538,62806,18732
2021-01-19,99444,386911,307507,60869,541330,60731,19902
2021-01-26,94890,393838,313532,55986,534574,60968,19566
2021-02-02,90132,388089,314352,57226,520011,59451,18620
2021-02-09,87800,379995,309326,57919,506741,58041,17253
2021-02-16,91152,366230,303583,68614,503016,59140,19031
2021-02-23,92086,343815,284081,68348,481125,55723,19727
2021-03-02,94844,317047,265533,75895,467008,53410,20845
2021-03-09,104656,312536,254839,79676,473871,54516,21799
2021-03-16,115396,324871,256237,76041,476467,50576,21297
2021-03-23,116781,318584,262774,88707,485457,50057,22321
2021-03-30,112072,305798,263453,95925,467321,48980,22782
2021-04-06,98196,312995,275703,86194,463353,46301,21011
2021-04-13,100227,309015,269513,88639,460733,48173,20259
2021-04-20,100905,314098,275985,94487,471738,50373,18678
2021-04-27,103732,310909,270717,100098,473305,54199,17641
2021-05-04,103961,305884,270194,99453,470341,51126,19944
2021-05-11,111751,338835,282161,89906,498693,54400,19571
2021-05-18,121839,354740,290267,91378,520410,55146,21134
2021-05-25,111024,361893,288266,73624,510164,59511,23284
2021-06-01,102986,351161,288826,75125,489198,53306,18832
2021-06-08,103496,348302,288781,79394,491858,53829,18410
2021-06-15,106323,337549,273947,81911,480127,56320,17130
2021-06-22,105830,308212,253153,86939,453940,53152,16984
2021-06-29,107398,302518,254206,91980,453360,51048,18154
2021-07-06,107675,322401,270545,87724,465811,49928,18023
2021-07-13,112439,333467,275543,84707,495798,50079,19887
2021-07-20,123541,352089,277312,81340,490520,49200,16624
2021-07-27,116498,345312,273688,74300,500187,48080,18654
2021-08-03,121349,352633,273143,76808,485663,51591,16642
2021-08-10,124720,320361,277260,108854,477232,47485,20250
2021-08-17,123301,337301,284437,92895,485485,44315,21857
2021-08-24,123101,357779,299084,88431,504735,44517,20492
2021-08-31,119896,360408,311004,94454,507113,43514,19552
2021-09-07,119906,355714,306017,99978,506772,49214,19445
2021-09-14,119152,353403,306988,99228,506356,47097,20606
2021-09-21,119307,331951,296670,109023,492765,45636,20639
2021-09-28,124073,314224,293814,125415,490858,44821,23069
2021-10-05,114229,317931,295939,113357,483789,44017,22897
2021-10-12,110697,318311,298503,112964,484382,43819,21744
2021-10-19,107128,326318,299882,106533,485974,46194,20353
2021-10-26,103423,343077,313646,99086,509794,47707,22613
2021-11-02,100692,340569,311091,95962,507616,45936,21188
2021-11-09,105197,380686,341111,90930,571025,50094,24786
2021-11-16,125758,413297,360529,100749,612612,52054,24295
2021-11-23,121027,388861,326409,91998,559823,55380,21957
2021-11-30,119562,378165,310253,84393,531868,51657,18914
2021-12-07,103942,349565,300518,83333,499307,47358,18920
2021-12-14,107421,338832,298142,95741,503709,48697,19687
2021-12-21,104997,341026,296628,90817,500846,49251,19033
2021-12-28,103172,348836,303879,90723,508912,51121,18613
2022-01-04,104258,341716,296583,85228,502717,45400,19297
2022-01-11,116292,341365,290102,90365,546516,48323,22987
2022-01-18,132764,353832,290528,96321,539204,46978,20117
2022-01-25,130208,379954,313415,93264,572078,50669,21074
2022-02-01,127633,328975,275994,103852,515331,46819,17619
2022-02-08,126328,337762,279559,92853,512842,44869,20141
2022-02-15,126837,365712,313269,99656,558645,46689,21427
2022-02-22,129682,399404,350096,106948,611488,49090,22516
2022-03-01,127231,413040,354177,96555,615600,50266,22079
2022-03-08,139397,446343,364618,90230,638502,55964,23406
2022-03-15,151045,448486,346731,84943,617605,54330,18677
2022-03-22,155039,436634,328660,80628,605191,53441,19878
2022-03-29,133050,418987,327632,70036,574521,49022,20681
2022-04-05,124506,403264,324570,79029,560666,51778,18561
2022-04-12,125627,413720,338164,83877,577639,55264,21458
2022-04-19,129157,404682,330745,90988,575202,55032,19264
2022-04-26,127546,376840,310511,92487,557785,50938,19668
2022-05-03,130795,362647,293439,94271,560441,51270,18586
2022-05-10,132251,360007,288947,95632,571447,52098,17657
2022-05-17,137687,344566,283011,107651,555756,50588,19069
2022-05-24,130364,342311,282202,98389,530098,47411,19277
2022-05-31,135360,335416,269459,96870,513722,46639,19172
2022-06-07,116965,316851,270356,95088,494130,44090,19472
2022-06-14,121926,300495,266596,111998,497456,45726,21755
2022-06-21,120045,306974,268119,104832,500276,44380,20738
2022-06-28,117038,299045,268712,111019,497005,44823,20509
2022-07-05,118289,283874,267806,122146,498210,43933,24008
2022-07-12,131170,268958,251126,133005,542493,52583,32916
2022-07-19,152103,264365,241004,146049,524786,43294,25987
2022-07-26,142007,250429,241661,148971,487515,42821,27089
2022-08-02,127700,263265,242128,117802,459649,37481,26242
2022-08-09,121980,276534,242906,100055,453540,37927,26224
2022-08-16,122566,276275,238196,97032,453960,37826,25281
2022-08-23,126193,264265,237427,111580,457762,38292,26067
2022-08-30,126535,256214,235314,117580,459165,38918,26973
2022-09-06,129683,243747,231527,127670,465908,38798,28591
2022-09-13,126950,237888,225932,128588,463674,40556,26962
2022-09-20,141862,217290,214557,148835,469395,40500,30794
2022-09-27,139361,201499,207154,155073,457061,40325,30268
2022-10-04,116451,212999,215964,127579,437065,36704,28541
2022-10-11,112867,216595,212561,118141,431395,36988,27680
2022-10-18,115073,205103,210890,133934,434701,39286,26212
2022-10-25,123085,203298,212853,144821,456072,39637,27456
2022-11-01,125689,200471,216341,151718,467276,38559,28400
2022-11-08,126187,217331,223135,140797,488471,38045,29239
2022-11-15,135035,269343,227282,101013,495171,36973,28934
2022-11-22,133754,263818,214284,98171,449542,40296,26345
2022-11-29,134184,253417,209161,99158,433661,33946,24716
2022-12-06,117578,247657,211472,96347,422100,37785,22831
2022-12-13,119908,258437,224409,98760,437040,37309,24429
2022-12-20,116465,258979,226136,97288,436653,38696,25030
2022-12-27,116744,270520,229525,92645,440040,39424,22528
2023-01-03,113520,273494,230801,89135,449393,42337,24029
2023-01-10,111718,284196,243566,93031,481519,46373,24430
2023-01-17,122814,298727,246874,93634,491818,48128,25455
2023-01-24,127419,307973,253311,95638,499927,47880,24999
2023-01-31,120147,300667,256417,96136,471642,43984,23745
2023-02-07,118802,271768,223298,94483,439755,48076,23925
2023-02-14,120812,249884,210374,104845,426116,45444,21901
2023-02-21,119040,248395,210185,103084,422648,43956,21702
2023-02-28,123391,250878,208419,99826,426890,41958,23064
2023-03-07,125394,244314,215574,117100,458474,43640,23194
2023-03-14,122457,277897,230823,90492,459064,41795,26686
2023-03-21,121678,305246,237891,79286,469874,47624,22661
2023-03-28,131786,333294,245135,63505,478611,47388,27510
2023-04-04,116869,335119,266164,70948,476592,48740,25706
2023-04-11,119710,336258,260165,67420,476567,49102,25299
2023-04-18,123496,339921,260061,70168,482254,50647,24115
2023-04-25,124518,336446,253186,67922,473209,51048,24384
2023-05-02,127451,345035,262413,66846,493804,47502,25485
2023-05-09,130985,353500,266472,70658,518951,52012,25311
2023-05-16,138322,349879,255250,75436,521832,54852,23109
2023-05-23,142984,330007,236149,75417,479080,49327,23036
2023-05-30,133329,323334,237306,67990,449515,43611,22922
2023-06-06,116363,314550,237467,61826,436301,47595,25049
2023-06-13,120461,306523,227317,67108,432898,48953,23100
2023-06-20,121419,307956,229308,66333,438037,47402,23840
2023-06-27,119054,294389,220881,68971,431861,48042,24617
2023-07-03,114905,299622,235081,71984,448063,45490,23870
2023-07-11,114790,302539,240546,74792,483170,46618,24623
2023-07-18,115498,329213,263740,70392,482104,45784,25417
2023-07-25,125491,323701,248229,74590,476176,47300,22729
2023-08-01,117610,304455,238985,74061,439383,43254,21333
2023-08-08,113890,281444,228846,85861,427759,44996,20427
2023-08-15,116062,257992,233078,111942,433611,44337,23543
2023-08-22,117646,238682,226340,124394,430239,45312,26222
2023-08-29,118132,258726,236054,112782,442806,43767,26445
2023-09-05,111456,269695,235802,97796,438672,45966,25733
2023-09-12,113062,257872,235704,111840,441221,46740,25794
2023-09-19,110014,262946,237716,102553,438078,43921,26152
2023-09-26,110844,245680,235560,119745,435620,45213,26192
2023-10-03,110666,222648,228406,137180,431226,45256,24500
2023-10-10,121341,211769,220332,148899,436499,44470,25475
2023-10-17,110062,238061,231412,118674,439581,40863,25602
2023-10-24,106180,272053,251469,102084,463476,42129,25641
2023-10-31,105971,288678,261053,97628,475808,44792,25510
2023-11-07,110651,296742,261653,95437,484347,45484,25609
2023-11-14,110728,287747,254352,98976,486634,45409,23766
2023-11-21,115937,306172,269701,97996,508429,43959,25429
2023-11-28,115596,334188,289845,89761,505658,45650,27142
2023-12-05,103193,330138,288840,85296,487469,47483,24082
2023-12-12,105710,318518,273536,85303,469939,46457,21882
2023-12-19,105559,332617,280972,79633,481203,48019,22300
2023-12-26,105951,338296,289843,82125,491343,48036,23409
2024-01-02,108804,344282,290706,83057,500364,49200,21371
2024-01-09,106489,324190,271665,83051,489849,50574,21487
2024-01-16,109287,316707,262360,82467,489334,49640,22113
2024-01-23,113094,305187,241100,71626,465872,45644,23025
2024-01-30,117525,288043,219222,71431,430328,45364,22637
2024-02-06,104344,284585,228623,66885,419121,41863,23360
2024-02-13,109529,262509,217505,86337,420812,44228,22416
2024-02-20,106419,265830,211034,70772,407063,41846,22697
2024-02-27,108432,266784,214948,73312,411195,38943,22227
2024-03-05,104023,310815,264148,72855,471616,44782,29283
2024-03-12,129432,347705,283062,81460,516057,47992,31321
2024-03-19,138102,355632,278732,77130,535047,49131,33203
2024-03-26,141774,360114,265647,66353,503642,48004,28958
2024-04-02,127114,352828,281399,74149,500045,48931,30467
2024-04-09,128094,352676,279799,77380,505214,51559,29396
2024-04-16,132684,355442,278777,76854,517193,50245,29410
2024-04-23,129083,355955,279535,76644,516249,48914,24933
2024-04-30,126925,354423,278850,74640,519791,50274,26986
2024-05-07,124899,352165,272144,72577,529835,54701,27002
2024-05-14,133583,365693,277642,73146,522952,52633,25019
2024-05-21,118514,377177,300729,70923,530591,55264,26407
2024-05-28,109181,370131,286737,50152,485430,51528,27163
2024-06-04,83418,349349,284566,47264,447488,49807,21178
2024-06-11,82174,342685,276769,42843,436857,50311,23726
2024-06-18,83440,351170,287147,44063,444345,47659,23013
2024-06-25,86551,358039,284885,38656,452190,48436,23177
2024-07-02,86905,351704,280117,38574,454730,47694,24438
2024-07-09,92907,373536,303043,48268,516324,50623,24769
2024-07-16,110041,419345,349827,64803,579862,53814,29534
2024-07-23,102237,403162,341600,68526,572306,53705,25854
2024-07-30,99015,371872,313364,66763,510914,49931,23675
2024-08-06,88442,357476,298119,59370,480645,51205,20920
2024-08-13,88313,380815,328769,61505,505872,50388,25150
2024-08-20,86232,402738,355551,64298,532867,52918,27665
2024-08-27,85102,407421,343330,48885,521759,54689,26815
2024-09-03,80416,392303,339157,51599,511136,51198,26869
2024-09-10,78232,385131,340006,57505,511501,50937,26539
2024-09-17,74647,409774,369734,59668,537627,52976,27915
2024-09-24,76713,416419,387572,72182,564640,53444,29128
2024-10-01,67099,394623,370051,70120,533107,53191,25598
2024-10-08,68957,372933,348891,70711,520316,51440,25644
2024-10-15,70028,382686,357494,71060,541232,50490,24266
2024-10-22,66245,390946,371813,75609,573760,54214,25717
2024-10-29,68935,372606,366636,87983,579468,53432,28414
2024-11-05,73287,356346,336816,81487,558034,52637,24907
2024-11-12,75347,340929,316225,79774,535981,56838,27707
2024-11-19,73459,335781,309354,74987,502952,52421,24466
2024-11-26,72377,344897,303401,53063,472660,46574,24392
2024-12-03,63251,349526,307611,47875,462040,48337,21798
2024-12-10,66025,362896,324332,48746,483346,46448,25163
2024-12-17,61012,346245,302978,40937,466571,48388,25196
2024-12-24,58136,331472,289416,41787,454646,47813,22106
2024-12-31,60399,331695,282907,35628,458584,47357,23340
2025-01-07,62674,341320,291721,36810,477043,47574,23839
2025-01-14,92075,394527,312568,33205,526467,48250,25161
2025-01-21,95116,421724,337289,36505,571387,50638,24814
2025-01-28,110034,433756,338371,38962,577505,49224,24911
2025-02-04,74378,402553,356500,53992,542004,49522,23855
2025-02-11,72622,382510,343766,59262,528719,49509,24125
2025-02-18,72393,368464,334043,65369,522330,50882,23485
2025-02-25,71796,359896,316948,55323,512179,48803,22328
2025-03-04,65713,336828,303132,59871,489270,49602,21748
2025-03-11,84545,349733,296172,60072,511276,53747,24659
2025-03-18,91549,376717,321654,63722,533566,52841,25605
2025-03-25,86838,365436,316572,66776,511482,52852,24050
2025-04-01,68875,333936,327936,89502,498746,50688,24061
2025-04-08,69214,301397,269833,69118,445468,50486,19018
2025-04-15,70568,302480,271707,69497,456628,51349,21647
2025-04-22,91128,293396,258896,83518,465351,50904,24014
2025-04-29,92787,283548,240377,77059,451868,50675,23232
2025-05-06,87244,279347,237445,74948,452414,52632,23026
2025-05-13,88412,279619,238191,76982,440842,51570,21572
2025-05-20,90256,287904,238062,74081,448000,54053,20386
2025-05-27,87509,295096,234087,59903,437538,56541,23138
2025-06-03,70905,291731,246982,59077,415941,51996,19075
2025-06-10,68432,291150,245995,58514,417143,54008,18771
2025-06-17,71684,309411,260586,59938,441214,55840,18761
2025-06-24,73323,303883,256077,61073,434958,55009,19453
2025-07-01,68820,304889,258631,56651,437662,53324,19235
2025-07-08,71875,310229,261685,58717,443144,56291,20905
2025-07-15,75989,326677,270227,57112,448531,56976,19403
2025-07-22,76726,359063,311949,58911,489423,54052,24753
2025-07-29,79093,338172,281241,57645,445259,53216,17733
2025-08-05,74075,344221,292194,55144,449647,52597,19501
2025-08-12,63427,326492,288115,58630,446152,53656,20076
2025-08-19,66670,316635,275277,62687,438541,56098,18723
2025-08-26,72908,323873,275767,61456,443760,56712,20058
2025-09-02,73919,347817,315796,66266,492908,56635,32267
2025-09-09,73850,347225,324875,63135,509625,58990,47355
2025-09-16,77867,380238,326778,60368,516221,60872,24911
2025-09-23,82971,381374,332808,66059,528789,57683,26029
2025-09-30,68872,357108,318804,65896,493748,57524,22196
2025-10-07,77599,341371,300798,68842,485559,56574,24758
2025-10-14,92027,328894,278405,74489,485788,59259,26308
2025-10-21,107847,317964,253851,77242,472421,55921,22413
2025-10-28,89653,326680,266308,61644,457122,52742,20379
2025-11-04,88355,324897,256572,54265,450399,53661,19426
2025-11-10,87076,331899,265916,58847,459997,56742,18988
2025-11-18,97001,342586,269556,59217,471953,54239,18993
2025-11-25,82657,324060,253266,48678,432946,53773,16958
2025-12-02,60147,315495,261331,43771,418490,55812,18024
2025-12-09,63707,326286,268485,44599,432569,55485,16792
2025-12-16,74655,349013,280920,46942,471093,58795,18415
2025-12-23,75835,359361,290161,49461,492103,62268,19442
2025-12-30,82254,357500,275592,44419,481866,60217,16144
2026-01-06,80218,352253,274435,46803,488116,60118,15715
2026-01-13,83382,380488,296183,44945,527455,66220,20352
2026-01-20,85869,375558,295772,51002,528004,62136,17217
2026-01-27,96200,344485,252100,46704,488463,62677,19788
2026-02-03,87964,295742,214508,48904,409694,56610,14436
2026-02-10,88738,286476,212808,52796,404391,52916,15190
2026-02-17,88237,285019,213432,53517,407078,51821,14954
2026-02-24,86198,287004,211649,52472,420182,67772,26143
2026-03-03,84834,285417,213752,53607,409789,55126,14688
2026-03-10,85280,288256,215445,52313,413956,53424,13580
2026-03-17,86184,284832,215961,56092,411388,52913,14134
2026-03-24,76997,280825,220861,52534,403925,49273,13772
2026-03-31,58697,260337,207602,44400,361409,50617,12179
2026-04-07,57729,251480,205368,49063,354877,49117,11671
2026-04-14,55757,256839,210009,47483,362274,51568,13012
2026-04-21,56261,259201,212893,48887,365842,52223,13289
2026-04-28,60553,255366,211818,52247,369530,49280,14038
